<LESSON>

<HEADINGS>
	<1>First an exercise to warm up.</1>
	<2>These sentences use all the letters in the alphabet.</2>
	<3>So do these... such sentences are pangrams.</3>
	<4>And one more set of pangrams!</4>


</HEADINGS>


<DESCRIPTION>The eleventh lesson will let you practice sentences with most of the letters of the alphabet in them.</DESCRIPTION>



<LessonTime>-1</LessonTime>
<MaxErrors>-1</MaxErrors>
<MinWPM>-1</MinWPM>
<MinAccuracy>-1</MinAccuracy>


<TASK>
<HEADING>1</HEADING>
<TEXT>asdfg ;lkjh asdfg ;lkjh asdfg ;lkjh asdfg ;lkjh asdfg</TEXT>
<TEXT>aqaz swsx dedc frfv gtgb ;p;/ lol. kik, jujm hyhn aqaz</TEXT>
<TEXT>The quick brown fox jumped over the lazy dogs. Now it's</TEXT>
<TEXT>time for all good men to come to the aid of the party.</TEXT>
</TASK>

<TASK>
<HEADING>2</HEADING>
<TEXT>The five boxing wizards jump quickly.</TEXT>
<TEXT>We judged antique ivory buckles for the next prize.</TEXT>
<TEXT>Jaded zombies acted quaintly but kept driving their oxen.</TEXT>
<TEXT>A jar of oil mixed with zinc oxide makes a bright paint.</TEXT>
</TASK>

<TASK>
<HEADING>3</HEADING>
<TEXT>How razorback-jumping frogs can level piqued gymnasts!</TEXT>
<TEXT>Pack my box with five dozen liquor jugs.</TEXT>
<TEXT>Sphinx of black quartz, judge my vow.</TEXT>
<TEXT>Waltz, nymph, for quick jigs vex Bud.</TEXT>
</TASK>

<TASK>
<HEADING>4</HEADING>
<TEXT>Six juicy steaks sizzled as five workmen left the quarry.</TEXT>
<TEXT>While making excavations we found some quaint jewelry.</TEXT>
<TEXT>We promptly judged antique ivory buckles for the prize.</TEXT>
<TEXT>Crazy Fredericka bought many very exquisite opal jewels.</TEXT>
</TASK>




</LESSON>

