<LESSON>

<HEADINGS>
	<1>First an exercise to loosen up.</1>
	<2>These are good warm-up sentences.</2>
	<3>Now let's get some numerals going.</3>
	<4>Good work! Now do the following exercise.</4>
	<5>And one more for good measure!</5>


</HEADINGS>


<DESCRIPTION>The ninth lesson will introduce you to using numerals.</DESCRIPTION>



<LessonTime>-1</LessonTime>
<MaxErrors>-1</MaxErrors>
<MinWPM>-1</MinWPM>
<MinAccuracy>-1</MinAccuracy>


<TASK>
<HEADING>1</HEADING>
<TEXT>asdfg ;lkjh asdfg ;lkjh asdfg ;lkjh asdfg ;lkjh asdfg</TEXT>
<TEXT>asdfg ;lkjh asdfg ;lkjh asdfg ;lkjh asdfg ;lkjh asdfg</TEXT>
<TEXT>aqaz swsx dedc frfv gtgb ;p;/ lol. kik, jujm hyhn aqaz</TEXT>
<TEXT>aqaz swsx dedc frfv gtgb ;p;/ lol. kik, jujm hyhn aqaz</TEXT>
</TASK>

<TASK>
<HEADING>2</HEADING>
<TEXT>Now is the time for all good men to come to the aid of</TEXT>
<TEXT>the party. Now is the time for all good men to come to</TEXT>
<TEXT>the aid of the party. The quick brown fox jumped over</TEXT>
<TEXT>the lazy dogs. The quick brown fox jumped over them!</TEXT>
</TASK>

<TASK>
<HEADING>3</HEADING>
<TEXT>sw2 de3 fr4 gt5 sw2 de3 fr4 gt5 sw2 de3 fr4 gt5 sw2</TEXT>
<TEXT>sw2 de3 fr4 gt5 sw2 de3 fr4 gt5 sw2 de3 fr4 gt5 sw2</TEXT>
<TEXT>hy6 ju7 ki8 lo9 ;p0 hy6 ju7 ki8 lo9 ;p0 hy6 ju7 ;p0</TEXT>
<TEXT>hy6 ju7 ki8 lo9 ;p0 hy6 ju7 ki8 lo9 ;p0 hy6 ju7 ;p0</TEXT>
</TASK>

<TASK>
<HEADING>4</HEADING>
<TEXT>sw2 de3 fr4 gt5 hy6 ju7 ki8 lo9 ;p0 1234567890</TEXT>
<TEXT>sw2 de3 fr4 gt5 hy6 ju7 ki8 lo9 ;p0 1234567890</TEXT>
<TEXT>1234567890 1234567890 0987654321 0987654321</TEXT>
<TEXT>1234567890 1234567890 0987654321 0987654321</TEXT>
</TASK>

<TASK>
<HEADING>5</HEADING>
<TEXT>42356 91807 42356 91807 42356 91807 42356 91807</TEXT>
<TEXT>42356 91807 42356 91807 42356 91807 42356 91807</TEXT>
<TEXT>934,721 934,721 934,721 934,721 934,721 934,721</TEXT>
<TEXT>934,721 934,721 934,721 934,721 934,721 934,721</TEXT>
</TASK>



</LESSON>

