<LESSON>

<HEADINGS>
	<1>First an exercise to warm up.</1>
	<2>Let's practice using the quotation mark.</2>
	<3>Now let's practice the # sign and the $ sign.</3>
	<4>Let's learn some more special characters.</4>
	<5>Finally, let's practice all those!</5>


</HEADINGS>


<DESCRIPTION>The tenth lesson will introduce you to some special characters.</DESCRIPTION>



<LessonTime>-1</LessonTime>
<MaxErrors>-1</MaxErrors>
<MinWPM>-1</MinWPM>
<MinAccuracy>-1</MinAccuracy>


<TASK>
<HEADING>1</HEADING>
<TEXT>asdfg ;lkjh asdfg ;lkjh asdfg ;lkjh asdfg ;lkjh asdfg</TEXT>
<TEXT>aqaz swsx dedc frfv gtgb ;p;/ lol. kik, jujm hyhn aqaz</TEXT>
<TEXT>The quick brown fox jumped over the lazy dogs. Now it's</TEXT>
<TEXT>time for all good men to come to the aid of the party.</TEXT>
</TASK>

<TASK>
<HEADING>2</HEADING>
<TEXT>&quot;&quot;&quot; ''' &quot;&quot;&quot; ''' &quot;&quot;&quot; ;&quot;; ;&quot;; ;&quot;; ;&quot;; ;&quot;; :&quot;: :&quot;: &quot;&quot;&quot;</TEXT>
<TEXT>&quot;&quot;&quot; ''' &quot;&quot;&quot; ''' &quot;&quot;&quot; ;&quot;; ;&quot;; ;&quot;; ;&quot;; ;&quot;; :&quot;: :&quot;: &quot;&quot;&quot;</TEXT>
<TEXT>&quot;You low-down dog,&quot; he spat. &quot;I knew you'd cheat.&quot;</TEXT>
<TEXT>&quot;You stole it,&quot; he went on, &quot;and you killed Bob!&quot;</TEXT>
</TASK>

<TASK>
<HEADING>3</HEADING>
<TEXT>### $$$ ### $$$ ### $$$ #@# #$# @#$ #$# 3#3 4$4 #$#</TEXT>
<TEXT>### $$$ ### $$$ ### $$$ #@# #$# @#$ #$# 3#3 4$4 #$#</TEXT>
<TEXT>Pencil type #87 costs $4.72, but type #88 is $5.75.</TEXT>
<TEXT>Eraser #3 is $1.25, but type #4 is at least $2.50.</TEXT>
</TASK>

<TASK>
<HEADING>4</HEADING>
<TEXT>%%% &amp;&amp;&amp; %%% &amp;&amp;&amp; %&amp;% &amp;%&amp; 5%5 7&7 %5% &7& &amp;&amp;&amp; %%%</TEXT>
<TEXT>@@@ *** @*@ *@* 2@2 8*8 @2@ *8* @*@ *8* @*@</TEXT>
<TEXT>Will Bob@bob.com accept 37%? (* Note: it's very high!)</TEXT>
<TEXT>(*10% of Bob &amp; Bob customers consume 76% of the units)</TEXT>
</TASK>


<TASK>
<HEADING>5</HEADING>
<TEXT>&quot;Why can't Dombie &amp; Fitch buy 50% of our stock?&quot; I had</TEXT>
<TEXT>to wonder aloud. &quot;At $5.50 per share, bob.com is a steal.&quot;</TEXT>
<TEXT>* Note to self: send copy of receipt to bob@bob.com for</TEXT>
<TEXT>verification of % and $ values for Dombie &amp; Fitch.</TEXT>
</TASK>



</LESSON>

